{"behavior":{"name":"InstanceBT","agenttype":"FirstAgent","version":"5","properties":[],"node":{"class":"Sequence","id":"0","properties":[],"children":[{"node":{"class":"Assignment","id":"1","properties":[{"CastRight":"false"},{"Opl":"int SecondAgentInstance.SecondAgent::p2"},{"Opr":"const int 8"}],"children":[]}},{"node":{"class":"Assignment","id":"2","properties":[{"CastRight":"false"},{"Opl":"int pInstance.SecondAgent::p2"},{"Opr":"const int 5"}],"children":[]}},{"node":{"class":"Condition","id":"3","properties":[{"Operator":"Greater"},{"Opl":"int SecondAgentInstance.SecondAgent::p2"},{"Opr":"int pInstance.SecondAgent::p2"}],"children":[]}},{"node":{"class":"Action","id":"4","properties":[{"Method":"Self.FirstAgent::SayHello()"},{"ResultOption":"BT_SUCCESS"}],"children":[]}}]}}}