{"behavior":{"name":"LoopBT","agenttype":"FirstAgent","version":"5","properties":[],"node":{"class":"Sequence","id":"2","properties":[],"children":[{"node":{"class":"DecoratorLoop","id":"1","properties":[{"Count":"const int 3"},{"DecorateWhenChildEnds":"true"},{"DoneWithinFrame":"false"}],"children":[{"node":{"class":"Action","id":"0","properties":[{"Method":"Self.FirstAgent::doFarm()"},{"ResultOption":"BT_INVALID"}],"children":[]}}]}},{"node":{"class":"Action","id":"3","properties":[{"Method":"Self.FirstAgent::doNext()"},{"ResultOption":"BT_INVALID"}],"children":[]}}]}}}