{
	"behavior": {
		"name": "maintree",
		"agenttype": "FirstAgent",
		"version": "5",
		"properties": [],
		"node": {
			"class": "Sequence",
			"id": "0",
			"properties": [],
			"children": [{
				"node": {
					"class": "Assignment",
					"id": "3",
					"properties": [{
						"CastRight": "false"
					}, {
						"Opl": "int Self.FirstAgent::p1"
					}, {
						"Opr": "const int 1"
					}],
					"children": []
				}
			}, {
				"node": {
					"class": "Condition",
					"id": "2",
					"properties": [{
						"Operator": "Equal"
					}, {
						"Opl": "int Self.FirstAgent::p1"
					}, {
						"Opr": "const int 1"
					}],
					"children": []
				}
			}, {
				"node": {
					"class": "ReferencedBehavior",
					"id": "4",
					"properties": [{
						"ReferenceBehavior": "const string \"subtree\""
					}]
				}
			}]
		}
	}
}