{"behavior":{"name":"SelectBT","agenttype":"FirstAgent","version":"5","properties":[],"node":{"class":"Sequence","id":"3","properties":[],"children":[{"node":{"class":"Assignment","id":"4","properties":[{"CastRight":"false"},{"Opl":"int Self.FirstAgent::p1"},{"Opr":"const int 6"}],"children":[]}},{"node":{"class":"Selector","id":"1","properties":[],"children":[{"node":{"class":"Condition","id":"2","properties":[{"Operator":"Greater"},{"Opl":"int Self.FirstAgent::p1"},{"Opr":"const int 8"}],"children":[]}},{"node":{"class":"Action","id":"0","properties":[{"Method":"Self.FirstAgent::SayHello()"},{"ResultOption":"BT_SUCCESS"}],"children":[]}}]}}]}}}