{
	"behavior": {
		"name": "SequenceBT",
		"agenttype": "FirstAgent",
		"version": "5",
		"properties": [],
		"node": {
			"class": "Sequence",
			"id": "1",
			"properties": [],
			"children": [{
				"node": {
					"class": "Assignment",
					"id": "3",
					"properties": [{
						"CastRight": "false"
					}, {
						"Opl": "int Self.FirstAgent::p1"
					}, {
						"Opr": "const int 6"
					}],
					"children": []
				}
			}, {
				"node": {
					"class": "Condition",
					"id": "2",
					"properties": [{
						"Operator": "Greater"
					}, {
						"Opl": "int Self.FirstAgent::p1"
					}, {
						"Opr": "const int 5"
					}],
					"children": []
				}
			}, {
				"node": {
					"class": "Action",
					"id": "0",
					"properties": [{
						"Method": "Self.FirstAgent::SayHello()"
					}, {
						"ResultOption": "BT_SUCCESS"
					}],
					"children": []
				}
			}]
		}
	}
}