{
	"behavior": {
		"name": "subtree",
		"agenttype": "FirstAgent",
		"version": "5",
		"properties": [],
		"pars": [{
			"name": "_$local_task_param_$_0",
			"type": "int",
			"value": "0"
		}],
		"node": {
			"class": "Sequence",
			"id": "0",
			"properties": [],
			"children": [{
				"node": {
					"class": "Condition",
					"id": "1",
					"properties": [{
						"Operator": "Equal"
					}, {
						"Opl": "int Self.FirstAgent::p1"
					}, {
						"Opr": "const int 1"
					}],
					"children": []
				}
			}, {
				"node": {
					"class": "Action",
					"id": "2",
					"properties": [{
						"Method": "Self.FirstAgent::Say(\"Hello subtree!\")"
					}, {
						"ResultOption": "BT_SUCCESS"
					}],
					"children": []
				}
			}]
		}
	}
}